status,t_h,maxC,accepted_steps,nlu,wall_s,rss_MiB
RUNNING,0.016666667,2.5500011231,281,53,11.330,256.7
RUNNING,0.033333333,2.55001180843,334,68,13.462,277.2
RUNNING,0.050000000,2.55000244027,388,84,15.757,285.2
RUNNING,0.066666667,2.55001410892,440,101,18.160,285.9
RUNNING,0.083333333,2.55001931168,499,118,20.615,285.9
RUNNING,0.100000000,2.55000244348,555,133,22.817,285.9
RUNNING,0.116666667,2.55000429861,597,146,24.665,285.9
RUNNING,0.133333333,2.55000356939,650,163,27.060,286.2
RUNNING,0.150000000,2.55000088526,706,178,29.274,288.4
RUNNING,0.166666667,2.55000176884,755,192,31.328,288.4
RUNNING,0.500000000,2.55000148579,1778,490,74.724,297.7
RUNNING,1.000000000,2.55000007537,3274,924,138.269,307.4
RUNNING,1.500000000,2.54990762029,4713,1360,201.408,312.0
RUNNING,2.000000000,2.54536427122,6163,1787,263.711,321.6
RUNNING,2.500000000,2.51795224417,7733,2245,330.700,321.6
RUNNING,3.000000000,2.45472396011,9378,2722,400.595,325.6
RUNNING,3.500000000,2.3592180011,10966,3173,467.245,325.6
RUNNING,4.000000000,2.24187273529,12600,3648,536.686,325.6
RUNNING,4.500000000,2.11281427781,12764,3693,543.439,325.6
RUNNING,5.000000000,1.97987590271,12820,3709,545.725,325.6
RUNNING,5.500000000,1.84785822489,12872,3726,547.993,325.6
RUNNING,6.000000000,1.71957593126,12923,3740,549.964,326.8
RUNNING,6.500000000,1.59746819161,12975,3753,551.795,342.8
RUNNING,7.000000000,1.4826564032,13014,3766,553.528,342.8
RUNNING,7.500000000,1.37554497018,13063,3779,555.287,342.8
RUNNING,8.000000000,1.27669473593,13118,3793,557.216,342.8
RUNNING,8.500000000,1.18596269513,13162,3807,559.078,342.8
RUNNING,9.000000000,1.10292466042,13213,3820,560.875,342.8
RUNNING,9.500000000,1.0270933986,13257,3832,562.510,342.8
RUNNING,10.000000000,0.957861705741,13303,3846,564.376,342.8
RUNNING,10.500000000,0.894799622289,13342,3859,566.121,342.8
RUNNING,11.000000000,0.837426804831,13382,3870,567.656,342.8
RUNNING,11.500000000,0.785201052614,13421,3883,569.402,342.8
RUNNING,12.000000000,0.737665697651,13466,3895,571.088,342.8
RUNNING,12.536773066,0.691445265774,13506,3907,572.749,342.8
RUNNING,13.019558357,0.653720305325,13514,3909,573.078,342.8
RUNNING,13.500000000,0.619423899393,13520,3912,573.470,342.8
RUNNING,14.000000000,0.586851011764,13560,3925,575.223,348.7
RUNNING,14.500000000,0.557135347564,13601,3937,576.842,348.7
RUNNING,15.028151157,0.52852650993,13641,3949,578.469,348.7
RUNNING,15.500000000,0.505154189422,13649,3951,578.783,348.7
RUNNING,16.007328396,0.482107771717,13690,3964,580.516,348.7
RUNNING,16.500000000,0.461600041042,13698,3966,580.839,348.7
RUNNING,17.000000000,0.442494568053,13738,3977,582.342,348.7
RUNNING,17.536256117,0.42371404647,13778,3989,583.944,348.7
RUNNING,18.000000000,0.408743652172,13785,3991,584.222,348.7
RUNNING,18.511830231,0.393464749697,13825,4003,585.859,348.7
RUNNING,19.009134634,0.379758432826,13832,4005,586.124,348.7
RUNNING,19.509134634,0.36699734421,13838,4006,586.335,348.7
RUNNING,20.009134634,0.355159665161,13844,4007,586.525,348.7
RUNNING,20.509134634,0.344157473312,13850,4008,586.708,348.7
RUNNING,21.009134634,0.333912627778,13856,4010,587.007,348.7
RUNNING,21.509134634,0.324355582644,13862,4011,587.176,348.7
RUNNING,22.000000000,0.315582239873,13868,4012,587.341,348.7
RUNNING,22.500000000,0.307218223091,13910,4026,589.197,348.7
RUNNING,23.000000000,0.299381500884,13945,4037,590.632,348.7
RUNNING,23.500000000,0.292026619767,13979,4048,592.091,348.7
RUNNING,24.000000000,0.285112859075,14013,4060,593.652,348.7
RUNNING,24.500000000,0.278603680562,14047,4071,595.103,348.7
RUNNING,25.000000000,0.272466231014,14083,4083,596.683,348.7
RUNNING,25.549594121,0.266113963497,14119,4094,598.173,348.7
RUNNING,26.026755512,0.260911027946,14125,4096,598.455,348.7
RUNNING,26.500000000,0.256015114861,14131,4097,598.639,348.7
RUNNING,27.000000000,0.251103358174,14166,4110,600.321,348.7
RUNNING,27.558679328,0.245908999996,14201,4121,601.797,348.7
RUNNING,28.036086186,0.241701247266,14207,4123,602.070,348.7
RUNNING,28.536086186,0.237505816182,14213,4124,602.242,348.7
RUNNING,29.000000000,0.233793576881,14219,4125,602.415,348.7
RUNNING,29.500000000,0.229970803487,14257,4139,604.203,348.7
RUNNING,30.004305694,0.226290339905,14287,4148,605.409,348.7
RUNNING,30.548455093,0.222506402814,14294,4150,605.700,348.7
RUNNING,31.048455093,0.21918935151,14300,4151,605.873,348.7
RUNNING,31.548455093,0.216015338395,14306,4152,606.041,348.7
RUNNING,32.048455093,0.212975383825,14312,4153,606.216,348.7
RUNNING,32.548455093,0.210061224354,14318,4154,606.391,348.7
RUNNING,33.048455093,0.207265244773,14324,4155,606.562,348.7
RUNNING,33.548455093,0.204580417525,14330,4156,606.734,348.7
RUNNING,34.048455093,0.202000248622,14336,4157,606.904,348.7
RUNNING,34.500000000,0.199755054659,14342,4158,607.077,348.7
RUNNING,35.000000000,0.197355869326,14377,4170,608.690,348.7
RUNNING,35.517689865,0.194963086201,14407,4180,610.004,355.2
RUNNING,36.079149833,0.192469233356,14414,4182,610.291,355.2
RUNNING,36.579149833,0.190332035753,14420,4183,610.463,355.2
RUNNING,37.079149833,0.188269328291,14426,4184,610.643,355.2
RUNNING,37.579149833,0.186277241456,14432,4186,610.909,355.2
RUNNING,38.079149833,0.184352165294,14438,4187,611.083,355.2
RUNNING,38.579149833,0.182490728454,14444,4188,611.260,355.2
RUNNING,39.079149833,0.180689779153,14450,4189,611.435,355.2
RUNNING,39.579149833,0.178946367891,14456,4190,611.610,355.2
RUNNING,40.079149833,0.177257731753,14462,4191,611.786,355.2
RUNNING,40.579149833,0.175621280122,14468,4192,611.959,355.2
RUNNING,41.079149833,0.174034581674,14474,4193,612.136,355.2
RUNNING,41.579149833,0.172495352501,14480,4194,612.311,355.2
RUNNING,42.079149833,0.171001445276,14486,4195,612.489,355.2
RUNNING,42.579149833,0.169550839335,14492,4196,612.665,355.2
RUNNING,43.079149833,0.168141631603,14498,4197,612.837,355.2
RUNNING,43.579149833,0.166772028273,14504,4198,613.013,355.2
RUNNING,44.079149833,0.165440337171,14510,4199,613.184,355.2
RUNNING,44.579149833,0.16414496075,14516,4200,613.358,355.2
RUNNING,45.079149833,0.162884389637,14522,4201,613.534,355.2
RUNNING,45.579149833,0.161657196702,14528,4202,613.704,355.2
RUNNING,46.079149833,0.16046203159,14534,4203,613.888,355.2
RUNNING,46.579149833,0.159297615679,14540,4205,614.164,355.2
RUNNING,47.079149833,0.158162737422,14546,4206,614.355,355.2
RUNNING,47.579149833,0.157056248049,14552,4207,614.551,355.2
RUNNING,48.079149833,0.155977057587,14558,4208,614.739,355.2
RUNNING,48.579149833,0.154924131178,14564,4209,614.935,355.2
RUNNING,49.079149833,0.153896485665,14570,4211,615.243,355.2
RUNNING,49.579149833,0.152893186427,14576,4212,615.466,355.2
RUNNING,50.079149833,0.151913344444,14582,4213,615.685,355.2
RUNNING,50.579149833,0.150956113567,14588,4214,615.907,356.0
RUNNING,51.079149833,0.15002068798,14594,4215,616.131,357.0
DRIED,51.090338022,0.149999999974,14595,4216,620.244,480.6
RUNNING,0.016666667,2.5500011231,281,53,7.218,247.7
RUNNING,0.033333333,2.55001180843,334,68,8.503,259.8
RUNNING,0.050000000,2.55000244027,388,84,9.934,272.2
RUNNING,0.066666667,2.55001410892,440,101,11.430,272.2
RUNNING,0.083333333,2.55001931168,499,118,12.953,272.2
RUNNING,0.100000000,2.55000244348,555,133,14.328,272.2
RUNNING,0.116666667,2.55000429861,597,146,15.492,272.2
RUNNING,0.133333333,2.55000356939,650,163,16.975,272.2
RUNNING,0.150000000,2.55000088526,706,178,18.341,272.2
RUNNING,0.166666667,2.55000176884,755,192,19.625,272.2
RUNNING,0.500000000,2.55000148579,1781,482,46.303,272.6
RUNNING,0.016666667,2.5500011231,281,53,5.304,225.6
RUNNING,0.033333333,2.55001180843,334,68,6.599,236.8
RUNNING,0.050000000,2.55000244027,388,84,8.018,236.8
RUNNING,0.066666667,2.55001410892,440,101,9.479,242.0
RUNNING,0.083333333,2.55001931168,499,118,10.971,243.8
RUNNING,0.100000000,2.55000244348,555,133,12.325,243.8
RUNNING,0.116666667,2.55000429861,597,146,13.470,243.8
RUNNING,0.133333333,2.55000356939,650,163,14.938,243.8
RUNNING,0.150000000,2.55000088526,706,178,16.291,246.0
RUNNING,0.166666667,2.55000176884,755,192,17.556,246.0
RUNNING,0.500000000,2.55000148579,1781,482,43.969,248.2
RUNNING,1.000000000,2.55000007537,3275,932,84.709,249.1
RUNNING,1.500000000,2.54990762029,4711,1362,123.820,254.6
RUNNING,2.000000000,2.54536427122,6160,1785,162.652,256.7
RUNNING,2.500000000,2.51795224418,7717,2255,205.410,258.4
RUNNING,3.000000000,2.45472396011,9358,2737,248.700,269.5
RUNNING,3.500000000,2.3592180011,10942,3197,289.879,270.5
RUNNING,4.000000000,2.2418727353,12570,3673,332.119,271.7
RUNNING,4.500000000,2.11281427781,12734,3717,336.201,271.7
RUNNING,5.000000000,1.97987590272,12790,3733,337.594,274.1
RUNNING,5.500000000,1.84785822489,12842,3750,338.969,278.5
RUNNING,6.000000000,1.71957593125,12893,3764,340.190,284.9
RUNNING,6.500000000,1.59746819162,12946,3779,341.441,284.9
RUNNING,7.000000000,1.48265640318,12984,3790,342.371,288.8
RUNNING,7.500000000,1.37554497016,13033,3805,343.585,288.8
RUNNING,8.000000000,1.27669473593,13087,3820,344.826,288.8
RUNNING,8.500000000,1.1859626951,13132,3833,345.902,289.6
RUNNING,9.000000000,1.1029246604,13183,3846,347.003,289.9
RUNNING,9.500000000,1.02709339857,13228,3858,348.024,289.9
RUNNING,10.000000000,0.957861705723,13274,3872,349.167,289.9
RUNNING,10.500000000,0.894799622273,13313,3885,350.230,289.9
RUNNING,11.000000000,0.837426804818,13353,3896,351.183,294.9
RUNNING,11.500000000,0.785201052604,13392,3909,352.259,294.9
RUNNING,12.000000000,0.737665697643,13437,3921,353.296,295.8
RUNNING,12.503175661,0.694201231048,13476,3933,354.291,298.6
RUNNING,13.039570721,0.652229437006,13485,3935,354.515,298.6
RUNNING,13.500000000,0.619423899385,13491,3938,354.756,300.8
RUNNING,14.000000000,0.586851011758,13531,3949,355.704,300.8
RUNNING,14.500000000,0.55713534756,13571,3962,356.777,301.5
RUNNING,15.044060047,0.527706192304,13612,3974,357.762,307.6
RUNNING,15.500000000,0.50515418938,13619,3976,357.967,308.8
RUNNING,16.033514215,0.480973139065,13659,3988,358.971,316.6
RUNNING,16.500000000,0.461600041024,13667,3990,359.157,316.6
RUNNING,17.000000000,0.44249456803,13706,4002,360.142,316.6
RUNNING,17.540884847,0.423559021221,13747,4015,361.183,316.6
RUNNING,18.000000000,0.408743652138,13754,4017,361.373,316.6
RUNNING,18.524242887,0.393109480632,13793,4028,362.273,316.6
RUNNING,19.016682959,0.379558445882,13800,4030,362.437,316.6
RUNNING,19.516682959,0.36681200426,13806,4031,362.570,316.6
RUNNING,20.016682959,0.354987565688,13812,4032,362.702,316.6
RUNNING,20.516682959,0.343997365142,13818,4033,362.815,316.6
RUNNING,21.016682959,0.333763399889,13824,4035,362.990,316.6
RUNNING,21.516682959,0.32421624546,13830,4036,363.101,316.6
RUNNING,22.000000000,0.315582239837,13836,4037,363.215,316.6
RUNNING,22.500000000,0.307218223039,13878,4052,364.413,316.6
RUNNING,23.000000000,0.299381500731,13913,4063,365.302,316.6
RUNNING,23.500000000,0.292026619655,13949,4074,366.210,316.6
RUNNING,24.000000000,0.285112858912,13983,4086,367.155,316.6
RUNNING,24.500000000,0.278603680408,14019,4098,368.110,316.6
RUNNING,25.000000000,0.272466230885,14055,4110,369.071,316.6
RUNNING,25.509920069,0.26655926844,14088,4120,369.879,316.6
RUNNING,26.047016821,0.260696165549,14095,4121,370.006,316.6
RUNNING,26.500000000,0.256015115198,14101,4123,370.167,316.6
RUNNING,27.000000000,0.251103358489,14136,4135,371.130,316.6
RUNNING,27.541862096,0.246060999203,14168,4145,371.937,316.6
RUNNING,28.026450136,0.241784178209,14174,4147,372.107,316.6
RUNNING,28.526450136,0.23758472142,14180,4148,372.218,316.6
RUNNING,29.000000000,0.233793576981,14186,4149,372.328,316.6
RUNNING,29.500000000,0.229970803584,14224,4163,373.416,316.6
RUNNING,30.047772473,0.225981110528,14255,4172,374.156,316.6
RUNNING,30.525996423,0.222658905845,14261,4174,374.332,316.6
RUNNING,31.025996423,0.21933520655,14267,4175,374.440,316.6
RUNNING,31.525996423,0.216154966779,14273,4176,374.547,316.6
RUNNING,32.025996423,0.213109172994,14279,4177,374.657,316.6
RUNNING,32.525996423,0.210189531096,14285,4178,374.771,316.6
RUNNING,33.025996423,0.207388398111,14291,4179,374.884,316.6
RUNNING,33.525996423,0.20469872129,14297,4180,374.991,316.6
RUNNING,34.025996423,0.202113983758,14303,4181,375.100,316.6
RUNNING,34.500000000,0.199755054713,14309,4182,375.211,316.6
RUNNING,35.000000000,0.197355869381,14344,4194,376.194,316.6
RUNNING,35.565815579,0.194745283736,14372,4204,376.976,316.6
RUNNING,36.065815579,0.192527286761,14378,4205,377.093,316.6
RUNNING,36.565815579,0.190388047059,14384,4206,377.199,316.6
RUNNING,37.065815579,0.188323404478,14390,4208,377.358,316.6
RUNNING,37.565815579,0.186329482254,14396,4209,377.469,317.2
RUNNING,38.065815579,0.184402663788,14402,4210,377.583,323.8
RUNNING,38.565815579,0.182539571624,14408,4211,377.688,323.8
RUNNING,39.065815579,0.180737048354,14414,4212,377.796,328.6
RUNNING,39.565815579,0.178992139293,14420,4213,377.906,330.3
RUNNING,40.065815579,0.177302076742,14426,4214,378.018,332.1
RUNNING,40.565815579,0.175664265664,14432,4215,378.124,334.3
RUNNING,41.065815579,0.174076270644,14438,4216,378.230,334.7
RUNNING,41.565815579,0.17253580399,14444,4217,378.341,339.5
RUNNING,42.065815579,0.171040714863,14450,4218,378.450,340.8
RUNNING,42.565815579,0.169588979344,14456,4219,378.558,343.0
RUNNING,43.065815579,0.168178691333,14462,4220,378.669,345.7
RUNNING,43.565815579,0.166808054209,14468,4221,378.774,347.4
RUNNING,44.065815579,0.165475373185,14474,4222,378.887,348.7
RUNNING,44.565815579,0.164179048272,14480,4223,378.992,350.5
RUNNING,45.065815579,0.162917567828,14486,4224,379.104,350.9
RUNNING,45.565815579,0.161689502603,14492,4225,379.211,352.7
RUNNING,46.065815579,0.160493500259,14498,4227,379.373,352.7
RUNNING,46.565815579,0.159328280325,14504,4228,379.485,353.1
RUNNING,47.065815579,0.158192629521,14510,4229,379.606,353.5
RUNNING,47.565815579,0.157085397458,14516,4230,379.726,353.5
RUNNING,48.065815579,0.156005492643,14522,4231,379.851,353.5
RUNNING,48.565815579,0.154951878794,14528,4233,380.019,354.0
RUNNING,49.065815579,0.153923571415,14534,4234,380.175,354.0
RUNNING,49.565815579,0.152919634633,14540,4235,380.325,354.4
RUNNING,50.065815579,0.151939178247,14546,4236,380.476,356.2
RUNNING,50.565815579,0.150981354997,14552,4237,380.627,356.6
RUNNING,51.065815579,0.150045358024,14558,4239,380.823,356.6
DRIED,51.090338022,0.149999999981,14559,4239,384.829,477.1
RUNNING,0.016666667,2.5500011231,281,53,7.420,248.7
RUNNING,0.033333333,2.55001180843,334,68,8.760,261.0
RUNNING,0.050000000,2.55000244027,388,84,10.262,268.0
RUNNING,0.066666667,2.55001410892,440,101,11.793,268.0
RUNNING,0.083333333,2.55001931168,499,118,13.392,268.3
RUNNING,0.100000000,2.55000244348,555,133,14.834,271.6
RUNNING,0.116666667,2.55000429861,597,146,16.045,271.6
RUNNING,0.133333333,2.55000356939,650,163,17.590,271.6
RUNNING,0.150000000,2.55000088526,706,178,19.035,271.6
RUNNING,0.166666667,2.55000176884,755,192,20.365,271.6
RUNNING,0.500000000,2.55000148579,1781,482,48.220,273.0
RUNNING,1.000000000,2.55000007537,3275,932,90.559,273.3
RUNNING,1.500000000,2.54990762029,4711,1362,130.178,288.8
RUNNING,2.000000000,2.54536427122,6160,1785,169.280,294.8
RUNNING,2.500000000,2.51795224418,7717,2255,212.161,299.9
RUNNING,3.000000000,2.45472396011,9358,2737,256.496,301.7
RUNNING,3.500000000,2.3592180011,10942,3197,300.158,301.7
RUNNING,4.000000000,2.2418727353,12570,3673,344.890,305.8
RUNNING,4.500000000,2.11281427781,12734,3717,349.233,305.8
RUNNING,5.000000000,1.97987590272,12790,3733,350.750,312.2
RUNNING,5.500000000,1.84785822489,12842,3750,352.243,312.2
RUNNING,6.000000000,1.71957593125,12893,3764,353.529,319.0
RUNNING,6.500000000,1.59746819162,12946,3779,354.871,320.7
RUNNING,7.000000000,1.48265640318,12984,3790,355.868,320.7
RUNNING,7.500000000,1.37554497016,13033,3805,357.164,320.7
RUNNING,8.000000000,1.27669473593,13087,3820,358.496,320.7
RUNNING,8.500000000,1.1859626951,13132,3833,359.656,320.7
RUNNING,9.000000000,1.1029246604,13183,3846,360.866,320.7
RUNNING,9.500000000,1.02709339857,13228,3858,361.961,320.7
RUNNING,10.000000000,0.957861705723,13274,3872,363.182,320.7
RUNNING,10.500000000,0.894799622273,13313,3885,364.341,320.7
RUNNING,11.000000000,0.837426804818,13353,3896,365.341,325.4
RUNNING,11.500000000,0.785201052604,13392,3909,366.471,325.4
RUNNING,12.000000000,0.737665697643,13437,3921,367.582,325.4
RUNNING,12.503175661,0.694201231048,13476,3933,368.645,325.4
RUNNING,13.039570721,0.652229437006,13485,3935,368.888,325.4
RUNNING,13.500000000,0.619423899385,13491,3938,369.147,325.4
RUNNING,14.000000000,0.586851011758,13531,3949,370.173,325.4
RUNNING,14.500000000,0.55713534756,13571,3962,371.308,325.4
RUNNING,15.044060047,0.527706192304,13612,3974,372.366,325.4
RUNNING,15.500000000,0.50515418938,13619,3976,372.589,325.4
RUNNING,16.033514215,0.480973139065,13659,3988,373.675,325.4
RUNNING,16.500000000,0.461600041024,13667,3990,373.874,325.4
RUNNING,17.000000000,0.44249456803,13706,4002,374.888,325.4
RUNNING,17.540884847,0.423559021221,13747,4015,375.969,325.4
RUNNING,18.000000000,0.408743652138,13754,4017,376.176,325.4
RUNNING,18.524242887,0.393109480632,13793,4028,377.141,325.4
RUNNING,19.016682959,0.379558445882,13800,4030,377.322,325.4
RUNNING,19.516682959,0.36681200426,13806,4031,377.466,325.4
RUNNING,20.016682959,0.354987565688,13812,4032,377.605,325.4
RUNNING,20.516682959,0.343997365142,13818,4033,377.726,325.4
RUNNING,21.016682959,0.333763399889,13824,4035,377.916,325.4
RUNNING,21.516682959,0.32421624546,13830,4036,378.039,325.4
RUNNING,22.000000000,0.315582239837,13836,4037,378.151,325.4
RUNNING,22.500000000,0.307218223039,13878,4052,379.422,325.4
RUNNING,23.000000000,0.299381500731,13913,4063,380.359,325.4
RUNNING,23.500000000,0.292026619655,13949,4074,381.319,325.4
RUNNING,24.000000000,0.285112858912,13983,4086,382.332,325.4
RUNNING,24.500000000,0.278603680408,14019,4098,383.379,325.4
RUNNING,25.000000000,0.272466230885,14055,4110,384.426,325.4
RUNNING,25.509920069,0.26655926844,14088,4120,385.337,325.4
RUNNING,26.047016821,0.260696165549,14095,4121,385.471,325.4
RUNNING,26.500000000,0.256015115198,14101,4123,385.641,325.4
RUNNING,27.000000000,0.251103358489,14136,4135,386.642,325.4
RUNNING,27.541862096,0.246060999203,14168,4145,387.528,325.4
RUNNING,28.026450136,0.241784178209,14174,4147,387.719,325.4
RUNNING,28.526450136,0.23758472142,14180,4148,387.837,325.4
RUNNING,29.000000000,0.233793576981,14186,4149,387.954,325.4
RUNNING,29.500000000,0.229970803584,14224,4163,389.089,325.4
RUNNING,30.047772473,0.225981110528,14255,4172,389.869,325.4
RUNNING,30.525996423,0.222658905845,14261,4174,390.049,325.4
RUNNING,31.025996423,0.21933520655,14267,4175,390.170,325.4
RUNNING,31.525996423,0.216154966779,14273,4176,390.294,325.4
RUNNING,32.025996423,0.213109172994,14279,4177,390.421,325.4
RUNNING,32.525996423,0.210189531096,14285,4178,390.561,325.4
RUNNING,33.025996423,0.207388398111,14291,4179,390.691,325.4
RUNNING,33.525996423,0.20469872129,14297,4180,390.820,325.4
RUNNING,34.025996423,0.202113983758,14303,4181,390.950,325.4
RUNNING,34.500000000,0.199755054713,14309,4182,391.085,325.4
RUNNING,35.000000000,0.197355869381,14344,4194,392.222,326.7
RUNNING,35.565815579,0.194745283736,14372,4204,393.123,335.9
RUNNING,36.065815579,0.192527286761,14378,4205,393.263,335.9
RUNNING,36.565815579,0.190388047059,14384,4206,393.388,335.9
RUNNING,37.065815579,0.188323404478,14390,4208,393.584,335.9
RUNNING,37.565815579,0.186329482254,14396,4209,393.713,335.9
RUNNING,38.065815579,0.184402663788,14402,4210,393.848,335.9
RUNNING,38.565815579,0.182539571624,14408,4211,393.982,335.9
RUNNING,39.065815579,0.180737048354,14414,4212,394.115,335.9
RUNNING,39.565815579,0.178992139293,14420,4213,394.245,335.9
RUNNING,40.065815579,0.177302076742,14426,4214,394.381,335.9
RUNNING,40.565815579,0.175664265664,14432,4215,394.514,335.9
RUNNING,41.065815579,0.174076270644,14438,4216,394.640,335.9
RUNNING,41.565815579,0.17253580399,14444,4217,394.778,335.9
RUNNING,42.065815579,0.171040714863,14450,4218,394.912,335.9
RUNNING,42.565815579,0.169588979344,14456,4219,395.043,335.9
RUNNING,43.065815579,0.168178691333,14462,4220,395.174,335.9
RUNNING,43.565815579,0.166808054209,14468,4221,395.316,335.9
RUNNING,44.065815579,0.165475373185,14474,4222,395.448,335.9
RUNNING,44.565815579,0.164179048272,14480,4223,395.576,335.9
RUNNING,45.065815579,0.162917567828,14486,4224,395.715,335.9
RUNNING,45.565815579,0.161689502603,14492,4225,395.849,335.9
RUNNING,46.065815579,0.160493500259,14498,4227,396.038,335.9
RUNNING,46.565815579,0.159328280325,14504,4228,396.180,336.2
RUNNING,47.065815579,0.158192629521,14510,4229,396.333,336.9
RUNNING,47.565815579,0.157085397458,14516,4230,396.468,337.3
RUNNING,48.065815579,0.156005492643,14522,4231,396.642,338.2
RUNNING,48.565815579,0.154951878794,14528,4233,396.848,338.6
RUNNING,49.065815579,0.153923571415,14534,4234,397.013,339.0
RUNNING,49.565815579,0.152919634633,14540,4235,397.174,339.8
RUNNING,50.065815579,0.151939178247,14546,4236,397.333,340.6
RUNNING,50.565815579,0.150981354997,14552,4237,397.491,341.2
RUNNING,51.065815579,0.150045358024,14558,4239,397.702,342.8
DRIED,51.090338022,0.149999999981,14559,4239,401.958,460.7
RUNNING,0.016666667,2.5500011231,281,53,5.474,220.5
RUNNING,0.033333333,2.55001180843,334,68,6.796,229.2
RUNNING,0.050000000,2.55000244027,388,84,8.232,229.2
RUNNING,0.066666667,2.55001410892,440,101,9.712,229.2
RUNNING,0.083333333,2.55001931168,499,118,11.237,229.2
RUNNING,0.100000000,2.55000244348,555,133,12.604,229.2
RUNNING,0.116666667,2.55000429861,597,146,13.749,229.2
RUNNING,0.133333333,2.55000356939,650,163,15.226,229.2
RUNNING,0.150000000,2.55000088526,706,178,16.588,229.3
RUNNING,0.166666667,2.55000176884,755,192,17.858,229.3
RUNNING,0.500000000,2.55000148579,1781,482,44.550,230.0
RUNNING,1.000000000,2.55000007537,3275,932,86.020,231.1
RUNNING,1.500000000,2.54990762029,4711,1362,126.199,232.2
RUNNING,2.000000000,2.54536427122,6160,1785,165.935,233.1
RUNNING,2.500000000,2.51795224418,7717,2255,209.443,234.3
RUNNING,3.000000000,2.45472396011,9358,2737,254.545,235.4
RUNNING,3.500000000,2.3592180011,10942,3197,297.676,236.2
RUNNING,4.000000000,2.2418727353,12570,3673,341.956,237.1
RUNNING,4.500000000,2.11281427781,12734,3717,346.224,237.8
RUNNING,5.000000000,1.97987590272,12790,3733,347.711,238.7
RUNNING,5.500000000,1.84785822489,12842,3750,349.201,239.7
RUNNING,6.000000000,1.71957593125,12893,3764,350.500,240.7
RUNNING,6.500000000,1.59746819162,12946,3779,351.833,241.7
RUNNING,7.000000000,1.48265640318,12984,3790,352.812,241.9
RUNNING,7.500000000,1.37554497016,13033,3805,354.112,243.4
RUNNING,8.000000000,1.27669473593,13087,3820,355.450,244.0
RUNNING,8.500000000,1.1859626951,13132,3833,356.613,244.8
RUNNING,9.000000000,1.1029246604,13183,3846,357.813,245.4
RUNNING,9.500000000,1.02709339857,13228,3858,358.887,246.4
RUNNING,10.000000000,0.957861705723,13274,3872,360.092,247.2
RUNNING,10.500000000,0.894799622273,13313,3885,361.238,248.5
RUNNING,11.000000000,0.837426804818,13353,3896,362.246,248.9
RUNNING,11.500000000,0.785201052604,13392,3909,363.396,250.3
RUNNING,12.000000000,0.737665697643,13437,3921,364.510,250.7
RUNNING,12.503175661,0.694201231048,13476,3933,365.582,251.8
RUNNING,13.039570721,0.652229437006,13485,3935,365.818,251.8
RUNNING,13.500000000,0.619423899385,13491,3938,366.085,254.0
RUNNING,14.000000000,0.586851011758,13531,3949,367.085,254.4
RUNNING,14.500000000,0.55713534756,13571,3962,368.223,255.9
RUNNING,15.044060047,0.527706192304,13612,3974,369.281,256.2
RUNNING,15.500000000,0.50515418938,13619,3976,369.504,257.6
RUNNING,16.033514215,0.480973139065,13659,3988,370.591,258.1
RUNNING,16.500000000,0.461600041024,13667,3990,370.796,258.1
RUNNING,17.000000000,0.44249456803,13706,4002,371.851,259.9
RUNNING,17.540884847,0.423559021221,13747,4015,372.977,260.8
RUNNING,18.000000000,0.408743652138,13754,4017,373.190,262.3
RUNNING,18.524242887,0.393109480632,13793,4028,374.157,262.8
RUNNING,19.016682959,0.379558445882,13800,4030,374.337,262.8
RUNNING,19.516682959,0.36681200426,13806,4031,374.484,262.8
RUNNING,20.016682959,0.354987565688,13812,4032,374.621,262.8
RUNNING,20.516682959,0.343997365142,13818,4033,374.742,262.8
RUNNING,21.016682959,0.333763399889,13824,4035,374.938,267.4
RUNNING,21.516682959,0.32421624546,13830,4036,375.059,267.4
RUNNING,22.000000000,0.315582239837,13836,4037,375.176,267.4
RUNNING,22.500000000,0.307218223039,13878,4052,376.451,270.7
RUNNING,23.000000000,0.299381500731,13913,4063,377.403,271.8
RUNNING,23.500000000,0.292026619655,13949,4074,378.370,272.2
RUNNING,24.000000000,0.285112858912,13983,4086,379.373,273.6
RUNNING,24.500000000,0.278603680408,14019,4098,380.410,274.6
RUNNING,25.000000000,0.272466230885,14055,4110,381.432,275.5
RUNNING,25.509920069,0.26655926844,14088,4120,382.292,275.9
RUNNING,26.047016821,0.260696165549,14095,4121,382.426,275.9
RUNNING,26.500000000,0.256015115198,14101,4123,382.600,275.9
RUNNING,27.000000000,0.251103358489,14136,4135,383.612,278.7
RUNNING,27.541862096,0.246060999203,14168,4145,384.479,279.6
RUNNING,28.026450136,0.241784178209,14174,4147,384.666,279.6
RUNNING,28.526450136,0.23758472142,14180,4148,384.788,279.6
RUNNING,29.000000000,0.233793576981,14186,4149,384.907,279.6
RUNNING,29.500000000,0.229970803584,14224,4163,386.089,283.9
RUNNING,30.047772473,0.225981110528,14255,4172,386.868,284.2
RUNNING,30.525996423,0.222658905845,14261,4174,387.052,284.2
RUNNING,31.025996423,0.21933520655,14267,4175,387.170,284.2
RUNNING,31.525996423,0.216154966779,14273,4176,387.288,284.2
RUNNING,32.025996423,0.213109172994,14279,4177,387.406,284.2
RUNNING,32.525996423,0.210189531096,14285,4178,387.524,284.2
RUNNING,33.025996423,0.207388398111,14291,4179,387.644,284.2
RUNNING,33.525996423,0.20469872129,14297,4180,387.762,284.2
RUNNING,34.025996423,0.202113983758,14303,4181,387.881,284.2
RUNNING,34.500000000,0.199755054713,14309,4182,387.999,284.2
RUNNING,35.000000000,0.197355869381,14344,4194,389.024,293.4
RUNNING,35.565815579,0.194745283736,14372,4204,389.840,294.2
RUNNING,36.065815579,0.192527286761,14378,4205,389.965,294.2
RUNNING,36.565815579,0.190388047059,14384,4206,390.088,294.2
RUNNING,37.065815579,0.188323404478,14390,4208,390.260,294.2
RUNNING,37.565815579,0.186329482254,14396,4209,390.376,294.2
RUNNING,38.065815579,0.184402663788,14402,4210,390.496,294.2
RUNNING,38.565815579,0.182539571624,14408,4211,390.618,294.2
RUNNING,39.065815579,0.180737048354,14414,4212,390.737,294.2
RUNNING,39.565815579,0.178992139293,14420,4213,390.855,294.2
RUNNING,40.065815579,0.177302076742,14426,4214,390.974,294.2
RUNNING,40.565815579,0.175664265664,14432,4215,391.097,295.0
RUNNING,41.065815579,0.174076270644,14438,4216,391.218,295.9
RUNNING,41.565815579,0.17253580399,14444,4217,391.335,296.8
RUNNING,42.065815579,0.171040714863,14450,4218,391.455,297.7
RUNNING,42.565815579,0.169588979344,14456,4219,391.576,298.7
RUNNING,43.065815579,0.168178691333,14462,4220,391.698,299.6
RUNNING,43.565815579,0.166808054209,14468,4221,391.817,300.5
RUNNING,44.065815579,0.165475373185,14474,4222,391.934,301.3
RUNNING,44.565815579,0.164179048272,14480,4223,392.053,302.0
RUNNING,45.065815579,0.162917567828,14486,4224,392.175,302.8
RUNNING,45.565815579,0.161689502603,14492,4225,392.296,303.5
RUNNING,46.065815579,0.160493500259,14498,4227,392.465,305.0
RUNNING,46.565815579,0.159328280325,14504,4228,392.592,305.7
RUNNING,47.065815579,0.158192629521,14510,4229,392.724,306.5
RUNNING,47.565815579,0.157085397458,14516,4230,392.858,307.2
RUNNING,48.065815579,0.156005492643,14522,4231,392.987,308.0
RUNNING,48.565815579,0.154951878794,14528,4233,393.174,309.6
RUNNING,49.065815579,0.153923571415,14534,4234,393.347,310.4
RUNNING,49.565815579,0.152919634633,14540,4235,393.511,311.1
RUNNING,50.065815579,0.151939178247,14546,4236,393.680,311.9
RUNNING,50.565815579,0.150981354997,14552,4237,393.850,312.6
RUNNING,51.065815579,0.150045358024,14558,4239,394.063,314.1
DRIED,51.090338022,0.149999999981,14559,4239,398.193,437.7
